Savings,Erin Ong,1000000,1500.0,Active,1000.0
CreditCard,Erin Ong,3000000,1500.0,Active,N/A
Investment,Erin Ong,2000000,2500.0,Active,N/A
Savings,Erin Ong,1000000,1500.0,Active,1000.0
CreditCard,Erin Ong,3000000,1500.0,Active,N/A
Investment,Erin Ong,2000000,2000.0,Active,N/A
Investment,Nolimt Pande,2000001,1500.0,Active,N/A
CreditCard,Nolimt Pande,3000001,1500.0,Active,N/A
Savings,Nolimt Pande,1000001,1500.0,Active,1000.0
Investment,Nolimt Pande,2000001,2000.0,Active,N/A
CreditCard,Nolimt Pande,3000001,1500.0,Active,N/A
Savings,Nolimt Pande,1000001,1500.0,Active,1000.0
